Unnamed: 0,id,category,subcategory,question,extra_description,article_ids
44,788,Logement,Location en Wallonie,L'expulsion est-elle interrompue si je suis en RCD (réglement collectif de dettes) en Wallonie ?,"Bail de résidence principale (Wallonie), Fin et rupture, Expulsion","5961,5968"
388,602,Justice,Au tribunal,J'introduis une demande en justice. Qu'est-ce qu'une citation ?,Introduction de la demande,"4787,4788,4789,4790,4791,4792,4793,4794,4795,4796,4797"
704,760,Logement,Insalubrité en Wallonie,Mon logement est reconnu inhabitable à cause de l'insalubrité. Comment peut-on savoir qu'un logement est frappé d'un arrêté d'inhabitabilité en Wallonie ?,,12029
643,326,Famille,Obligations alimentaires,"Je suis parent. J'arrête de payer la contribution alimentaire, dois-je acter cela quelque part ?",Les contributions alimentaires (pour les enfants),1055
881,308,Famille,Lien parents/enfants,Quel est le rôle du tuteur d'un enfant mineur ?,"Tutelle, Rôle du tuteur","1321,1322,1323,1324,1325,1326,1327,1328"
649,903,Logement,Location à Bruxelles,"L’appartement que je loue a été vendu, le nouveau propriétaire peut-il me mettre dehors à Bruxelles ?","Bail de résidence principale (Bruxelles), Fin et rupture, Vente du logement loué","847,862"
333,1104,Travail,Travail et parentalité,Je suis travailleur salarié(e). Dois-je signaler ma grossesse à l'entretien d'embauche ?,Pendant la grossesse,"22439,22440"
300,739,Logement,Bail de résidence principale (Wallonie),Comment et à quelle fréquence s'organisent les visites de domicile en Wallonie ?,Visite du logement,6593
120,732,Logement,Bail de résidence principale (Wallonie),Dois-je partir avant la mise en oeuvre de l'expulsion ?,"Fin et rupture du bail, Expulsion","5562,5563,5564,5565,5566"
861,533,Famille,Vivre en couple,"Je me sépare. En tant que cohabitants légaux, quelles mesures peut prendre le juge de la famille pour nos biens et nos dettes ?","Cohabitation légale, Séparation devant le juge",2336
198,1067,Protection sociale,Santé et maladie,"Quels sont mes droits (rémunération, horaires, etc.) si je reprends un travail à temps partiel suite à un trajet de réintégration ?","Reprise d'un travail adapté pendant l'incapacité, Trajet de réintégration","21076,21077,21078"
72,353,Famille,Obligations alimentaires,Je souhaite divorcer pour cause de désunion irrémédiable. Puis-je fixer une limite dans le temps pour la pension alimentaire ?,"Les pensions alimentaires (entre époux/ex-époux), Pensions alimentaires dans le cadre d'une procédure de divorce, Procédure de divorce pour cause de désunion irrémédiable",1087
439,136,Argent,Dettes,Combien de temps après le dépôt de ma requête en règlement collectif de dettes vais-je avoir la réponse du juge ?,"Solutions pour lutter contre l'endettement, Règlement collectif de dettes (RCD), Introduction de la demande",5959
453,376,Famille,Personnes à l'autonomie fragilisée,Faut-il être assisté d'un avocat lors de la procédure de mise sous administration de biens et/ou de la personne ?,"Administration de biens et/ou de la personne (protection judiciaire), La procédure de mise sous administration de biens et/ou de la personne, Déroulement de la procédure",5421
213,611,Justice,Au tribunal,J'introduis une demande en justice. Je ne suis pas d'accord avec la décision: que faire ?,La décision de justice,"5152,5153,5154,4684,4685,4686,5715,5716,5717"
879,433,Famille,Situation de couples,Je me sépare. Que faire si j’estime que les mesures urgentes et provisoires prises par le juge de la famille sont injustes ?,"Cohabitation légale, Séparation devant le juge, Procédure","5152,5153,5154"
451,704,Justice,L'avocat,Comment trouver les adresses et les horaires des bureaux d'aide juridique ?,"Aide juridique (ex pro deo), Démarches pour obtenir l'aide juridique (ex pro deo)","4478,4479,4480,4481,4482,4483,4484,4485,4486,4487,4488,4489,4490,4491,4492,4493,4494,4495,4496,4497,4498,4499,4500,4501,4502,4503,4504,4505,4506,4507,4508,4509,4510"
537,749,Logement,Hébergement,"J'héberge un ami/un proche. J'héberge gratuitement quelqu'un, puis-je le mettre dehors ?",Fin de l'hébergement,"5568,5569,5570"
286,505,Famille,Situation de couples,"Je suis victime de violences conjugales. Après le dépôt de plainte, que peut décider le parquet ?",Violences conjugales,"13517,6531"
581,206,Etrangers,Nationalité belge,Je suis majeur. Je fais valoir des mérites exceptionnels. Que faire si je n'ai pas d'acte de naissance pour ma demande de nationalité ?,,"4697,18750"
66,6,Argent,Assurances,Suis-je couvert si mon enfant mineur commet un acte intentionnel ?,"Assurance ""(RC) familiale"", Dégâts couverts",2222
332,227,Etrangers,Nationalité belge,Je suis majeur. Je suis marié à un/une Belge. A quelles conditions puis-je demander la nationalité belge si je suis marié à un/une Belge ?,,18760
616,158,Argent,Succession et donation,Qui doit payer les frais funéraires ?,"Démarches après décès, Formalités après décès","1055,1056,1057,1058,1059,1060,1061,1062,1063,1064,1065,1066,1067,1068,1069,1768,1769,1770,1771,1772,1773,1774,1775,1776,1777,1778,1779,1780"
582,241,Famille,Lien parents/enfants,Quels types de décisions relèvent de l'autorité parentale ?,Autorité parentale,"1274,1275,1276,1277,1278,1279,1280,1281,1282,1283,1284,1285,1286,1287,1288,1289"
67,862,Logement,Location à Bruxelles,Mon propriétaire peut-il mettre d'initiative mes meubles à la rue à Bruxelles ?,"Bail de résidence principale (Bruxelles), Fin et rupture, Expulsion","5561,5562,5563,5564,5565,5566,5567,6447,6593,6625,6627,6631,6653,6725,6727,6756"
227,179,Etrangers,Etrangers et famille,Je vis avec ma famille en Belgique. J'ai un enfant en Belgique. Je suis étranger. Mon enfant né en Belgique est-il Belge ?,,"18756,18757,18758,15955"
497,662,Justice,Infractions,Je suis victime d’une infraction. La police est-elle obligée de donner suite à ma plainte ?,"Procédure pénale, Procédure au poste de police","13219,13220,13221,13222,13223,13224,13225"
479,225,Etrangers,Nationalité belge,Je suis majeur. Je suis marié à un/une Belge. Comment se déroule la procédure de demande de nationalité ?,,18761
254,469,Famille,Situation de couples,Je suis marié(e). Puis-je ouvrir un compte en banque sans l'accord de mon conjoint ?,Mariage,"1073,1074"
23,278,Famille,Lien parents/enfants,Les parents ne sont pas mariés ensemble. La mère de l'enfant est mariée à quelqu'un d'autre que le père. Peut-on me réclamer une aide financière pour l'enfant si je suis son père biologique mais pas légal ?,"Lien de filiation, Etablir un lien de filiation, Etablir le lien père/enfant","1150,1151,1152,1153,1154,1155,1156,1157"
30,652,Justice,Infractions,J'ai été condamné à une peine de prison. A quelles conditions puis-je obtenir la surveillance électronique ?,"Droit pénitentiaire (prison et réinsertion), Obtenir le bracelet électronique","6106,6107"
712,510,Famille,Situation de couples,"Je suis victime de violences conjugales. En tant que victime de violences conjugales, puis-je demander l'hébergement exclusif de mes enfants ?",Violences conjugales,"6531,6598"
734,736,Logement,Bail de résidence principale (Wallonie),Mon propriétaire peut-il m'expulser si je suis en retard de paiement en Wallonie ?,"Loyer, charges et assurance, Loyer","5561,5562,5563,5564,5565,5566,5567"
70,33,Argent,Dettes,"Je ne paie pas mon stationnement, vais-je recevoir une amende pénale ?","Dettes liées à diverses taxes ou redevances, Taxe/redevance de stationnement",13520
96,566,Famille,Être parents,"Quand dois-je reprendre le travail après le congé de maternité, et quelles démarches dois-je faire ?","Naissance, Après la naissance, Reprise du travail","22225,22226,22227,22228,22229,22230,22231,22232,22233,22234"
39,791,Logement,Location en Wallonie,Comment se déroule une expulsion en Wallonie ?,"Bail de résidence principale (Wallonie), Fin et rupture, Expulsion","5562,5563,5564,5565,5566"
865,948,Logement,Location à Bruxelles,Une personne sous protection judiciaire à Bruxelles ?,"Bail de résidence principale (Bruxelles), Rédaction et signature","1368,2012,2013,2014"
196,451,Famille,Situation de couples,Je divorce. De quelles manières peut-on divorcer ?,Mariage,"1082,1083,1084,5469,5470,5471"
259,855,Logement,Location à Bruxelles,Qu'est-ce que je risque si j'occupe une maison sans autorisation (squat) à Bruxelles ?,"Bail de résidence principale (Bruxelles), Fin et rupture, Expulsion","4648,4696,5568,5569,5570,5571,5572,6593,6597"
291,99,Argent,Dettes,Qu'est-ce que le règlement collectif de dettes (RCD) ?,"Solutions pour lutter contre l'endettement, Règlement collectif de dettes (RCD)","5953,5954,5955,5956,5957,5958,5959,5960,5961,5962,5963,5964,5965,5966,5967,5968,5969,5970,5971,5972,5973,5974,5975,5976,5977,5978,5979,5980,5981,5982,5983,5984,5985,5986,5987,5988,5989,5990"
290,1062,Protection sociale,Grossesse et naissance,Je suis travailleuse salariée. Quand dois-je avertir mon employeur de ma grossesse ?,Pendant la grossesse,22226
76,243,Famille,Lien parents/enfants,Les père et mère de l'enfant résident séparément. Que faire si l'autre parent a pris une décision avec laquelle je ne suis pas d'accord concernant notre enfant ?,Autorité parentale,"1274,1275,1276,1277,1278,1279,1280,1281,1282,1283,1284,1285,1286,1287,1288,1289"
829,774,Logement,Insalubrité en Wallonie,Je m'assure que le propriétaire a obtenu un permis de location. Comment obtenir un permis de location en Wallonie ?,,"12031,12032,12033"
768,972,Logement,Location à Bruxelles,Mon bail de colocation est-il aussi un bail de résidence principale à Bruxelles ?,Colocation (Bruxelles),"853,854,879"
294,92,Argent,Dettes,Peut-on saisir mes chèques-repas ?,"Procédures de récupération des dettes, Récupération judiciaire des dettes, La saisie sur les revenus","5730,5853,5854,5855"
518,1035,Protection sociale,Aide du CPAS,Dois-je payer quelque chose si j'introduis un recours devant le tribunal du travail contre la décision du CPAS ?,"Contester la décision du CPAS, Recours devant le tribunal du travail",5114
605,612,Justice,Au tribunal,J'introduis une demande en justice. Comment se passe la procédure en appel ?,La décision de justice,"5152,5153,5154"
535,728,Justice,Petite délinquance,Qu’est-ce que je risque si je menace un passant pour qu’il me donne son portefeuille et son gsm ?,Vol,"6632,6634,6635,6636,6637"
250,1016,Logement,Location à Bruxelles,Puis-je demander une conciliation pour régler un conflit locatif à Bruxelles ?,Régler un conflit locatif (Bruxelles),"4821,4822,4823,4824"
327,1034,Logement,Voisinage,Peut-on m’interdire d’écouter ma musique avec le volume au maximum ?,Tapage nocturne,"1457,6757"
141,8,Argent,Assurances,Que se passe-t-il si mon enfant mineur cause un accident avec ma voiture ?,"Assurance ""(RC) familiale"", Dégâts couverts",2222
357,678,Justice,Infractions,Que se passe-t-il si je ne me présente pas à l’audience devant le tribunal de police ?,"Procédure pénale, Procédure devant le tribunal de police",13474
622,160,Argent,Succession et donation,Qui organise et paie les funérailles lorsqu’il n’y a pas d’héritier ?,"Démarches après décès, Formalités après décès","1415,17258,17273"
575,894,Logement,Location à Bruxelles,Quand le juge de paix peut-il mettre fin au bail à Bruxelles ?,"Bail de résidence principale (Bruxelles), Fin et rupture, Fin du bail à vie","2072,2511"
302,198,Etrangers,Etrangers et famille,Je vis avec ma famille en Belgique. Je me marie. Peut-on m'expulser si je vais à la commune pour me marier ?,Mariage,"1022,1023,1024"
192,981,Logement,Location à Bruxelles,Le propriétaire peut-il mettre fin au bail officiel de colocation avant l’échéance à Bruxelles ?,"Colocation (Bruxelles), Durée et fin de la colocation, Durée et fin du bail officiel de colocation (colocation Bruxelles)","881,856,857,858,859"
534,75,Argent,Dettes,Qu'est-ce qu'une saisie ?,"Procédures de récupération des dettes, Récupération judiciaire des dettes","5853,5854,5855"
457,60,Argent,Dettes,"Si je ne paie pas mon crédit à la consommation, peut-on saisir mes revenus ?",Dettes liées à un crédit à la consommation,"2451,5667"
837,805,Logement,Location en Wallonie,Que faire si le propriétaire abuse du droit de visite en Wallonie ?,"Bail de résidence principale (Wallonie), Visite du logement","6593,6596"
266,998,Logement,Location à Bruxelles,Faut-il un permis de location à Bruxelles ?,"Colocation (Bruxelles), Permis de location","613,614,615"
465,1024,Logement,Voisinage,Puis-je construire une dalle de béton contre le mur mitoyen ?,Mitoyenneté,"1583,1584,1585,1586,1587,1588,1589,1590,1591,1592,1593,1594,1595,1596,1597,7155,7156,7157,7158,7159,7160,7161"
716,129,Argent,Dettes,Que doivent faire les créanciers lors du règlement collectif de dettes ?,"Solutions pour lutter contre l'endettement, Règlement collectif de dettes (RCD), En cours de procédure","5966,5968"
417,497,Famille,Situation de couples,Je vis en union libre. A qui appartiennent les différents biens si nous vivons en union libre ?,Union libre,"1490,1491,1492"
528,1006,Logement,Location à Bruxelles,Comment puis-je mettre fin à mon bail étudiant à Bruxelles ?,"Kot (Bruxelles), Bail étudiant","873,874,875,876"
137,797,Logement,Location en Wallonie,Comment répartir les charges entre les différents locataires d'une copropriété en Wallonie ?,"Bail de résidence principale (Wallonie), Loyer, charges et assurances, Charges, Répartition des charges","1490,1491"
798,752,Logement,Hébergement,J'héberge un ami/un proche. Mon ami est domicilié chez moi. Peut-on saisir mes meubles ?,Hébergement et dettes,"5815,5827"
473,1031,Logement,Voisinage,Qu’est-ce que je risque si je fais du bruit la nuit dans mon jardin ou dans la rue ?,Tapage nocturne,6757
351,1056,Protection sociale,Grossesse et naissance,"Mon enfant est mort-né, peut-on déclarer sa naissance ?",Déclaration de naissance,"947,948"
328,466,Famille,Situation de couples,Je suis marié(e). Dois-je vivre sous le même toit que mon époux(se) ?,Mariage,"1069,1070"
86,485,Famille,Situation de couples,Je me sépare. Puis-je réclamer une pension alimentaire avant divorce ?,"Mariage, Séparation judiciaire-mesures urgentes et provisoires",1079
334,521,Famille,Vivre en couple,Je me sépare. Comment la cohabitation légale prend-elle fin ?,Cohabitation légale,2329
208,548,Famille,Vivre en couple,Je vis en couple. Devons-nous faire une convention de vie commune ?,Union libre,2023
689,923,Logement,Location à Bruxelles,A quoi correspondent les charges à Bruxelles ?,"Bail de résidence principale (Bruxelles), Loyer, charges et assurances, Charges","835,836"
211,356,Famille,Personnes à l'autonomie fragilisée,Comment organiser moi-même ma future mesure de protection (protection extra judiciaire) ?,Administration de biens et/ou de la personne (protection judiciaire),"1358,1359,1360,1361"
110,157,Argent,Succession et donation,Comment dois-je renoncer à une succession ?,"Démarches après décès, Formalités après décès","1702,1703,1704,1705,1706,1707,1708,1709,1710"
370,46,Argent,Dettes,Mon propriétaire peut-il résilier mon contrat de bail si je ne paie plus mon loyer ?,Dettes liées à un contrat de bail,"2134,5567"
292,429,Famille,Situation de couples,Je deviens cohabitant légal. Devons-nous faire une convention de cohabitation légale ?,Cohabitation légale,2335
669,773,Logement,Insalubrité en Wallonie,Je m'assure que le propriétaire a obtenu un permis de location. Le permis de location peut-il être retiré ?,,"12035,12287"
426,814,Logement,Location en Wallonie,Faut-il un permis de location pour une colocation en Wallonie ?,"Colocation (Wallonie), Permis de location","12012,12030,12031,12032,12033,12034,12035"
136,118,Argent,Dettes,Le règlement collectif de dettes m'empêche-t-il de rembourser en priorité des amis ou parents qui m'ont prêté de l'argent ?,"Solutions pour lutter contre l'endettement, Règlement collectif de dettes (RCD), Effets de la procédure",5961
312,403,Famille,Régler un conflit familial,Pour quels problèmes faire appel à un médiateur familial ?,"Trouver une solution amiable, La médiation familiale","6046,6056,4820"
326,106,Argent,Dettes,Les créanciers peuvent-ils s'opposer à ce que la personne nommée par le juge soit médiateur de dettes du RCD ?,"Solutions pour lutter contre l'endettement, Règlement collectif de dettes (RCD), Analyse de la demande, Désignation du médiateur de dettes judiciaire","5987,5063,5064"
209,139,Argent,Dettes,Faut-il un nombre minimum de dettes ou un montant minimum d'endettement pour pouvoir introduire un règlement collectif de dettes (RCD) ?,"Solutions pour lutter contre l'endettement, Règlement collectif de dettes (RCD), Introduction de la demande","5953,5973"
462,19,Argent,Assurances,Je suis locataire. Dois-je prendre une assurance incendie si je suis locataire à Bruxelles ?,Assurance incendie,"2503,2504,2505,2023,2220,2221,2222"
576,58,Argent,Dettes,"Si je ne paie plus mon crédit à la consommation, suis-je fiché à la Banque nationale ?",Dettes liées à un crédit à la consommation,"14522,14523,14524,14525,14526,14527,14528,14529,14530,14531"
280,984,Logement,Location à Bruxelles,Un colocataire seul peut-il mettre fin au bail officiel de colocation avant l'échéance à Bruxelles ?,"Colocation (Bruxelles), Durée et fin de la colocation, Durée et fin du bail officiel de colocation (colocation Bruxelles)",881
139,713,Justice,L'avocat,Comment l'avocat calcule-t-il ses honoraires ?,Frais d'avocat,4402
331,448,Famille,Situation de couples,Je divorce. Je divorce par consentement mutuel. Qu'est-ce que le divorce par consentement mutuel ?,Mariage,"1083,5485,5486,5487"
467,741,Logement,Domicile,Je vis avec mon compagnon et/ou mes enfants. Mon compagnon peut-il me mettre à la porte si je suis domiciliée chez lui ?,Domiciliation et radiation,"5561,5562,5563,5564,5565,5566,5567"
665,627,Justice,Casier judiciaire,Où demander mon extrait de casier judiciaire ?,Contenu du casier judiciaire et extraits de casier judiciaire,13875
174,747,Logement,Hébergement,J'héberge un ami/un proche. Dois-je éternellement héberger mon enfant ?,Conditions de l'hébergement,"1055,5568,5569,5570"
615,145,Argent,Impôts,Je me lance dans la vie. Je vis chez mes parents. Je travaille. Comment puis-je contester le montant que je dois payer ?,,"4589,4706,5635,5636"
693,208,Etrangers,Nationalité belge,Je suis majeur. Je fais valoir des mérites exceptionnels. A quelles conditions puis-je demander la nationalité belge si je fais valoir des mérites exceptionnels ?,,"18764,18765"
871,654,Justice,Infractions,Peut-on me retirer mes allocations familiales ?,Mineurs délinquants,6502
260,169,Argent,Succession et donation,Puis-je donner par testament tous mes biens à ma filleule ?,"Démarches avant décès, Donation et testament, Testament","1818,1819,1820,1821,1822,1823"
314,289,Famille,Lien parents/enfants,Les parents ne sont pas mariés ensemble. Puis-je reconnaître mon enfant avant sa naissance et comment faire ?,"Lien de filiation, Etablir un lien de filiation, Etablir le lien père/enfant, Aucun des deux parents n'est marié","1101,1102,1103,1124,1110"
430,965,Logement,Location à Bruxelles,Que faire en cas d'abus du droit de visite à Bruxelles ?,"Bail de résidence principale (Bruxelles), Visite du logement",6593
789,226,Etrangers,Nationalité belge,Je suis majeur. Je suis marié à un/une Belge. Comment introduire ma demande de déclaration de nationalité si je suis conjoint d'un belge ?,,"18760,18761"
714,641,Justice,Infractions,A qui m’adresser en cas de problème lors de l’exécution de la peine de travail ?,"Droit pénitentiaire (prison et réinsertion), J'ai été condamné à effectuer une peine de travail autonome","6108,6109,6110"
541,694,Justice,L'avocat,Ai-je droit à l'aide juridique (ex pro deo) si je reçois une aide du CPAS ?,"Aide juridique (ex pro deo), Conditions de l'aide juridique (ex pro deo), Situations liées à une catégorie sociale","4478,4479,4480,4481,4482,4483,4484,4485,4486,4487,4488,4489,4490,4491,4492,4493,4494,4495,4496,4497,4498,4499,4500,4501,4502,4503,4504,4505,4506,4507,4508,4509,4510,4748,4749,4750,4751,4752,4753,4754,4755,4756,4757,4758,4759,4760,4761,4762,4763,4764,4765,4766,4767,4768,4769,4770,4771"
525,318,Famille,Obligations alimentaires,Je suis parent. L'employeur de mon ex peut-il me payer directement la contribution alimentaire (délégation de sommes) ?,Les contributions alimentaires (pour les enfants),"1057,5451,5452,5453,5454,5455,5456,5457,5458,5459,5460,5461,5462,5463"
779,722,Justice,Petite délinquance,Peut-on saisir ou confisquer la voiture de mes parents que j’utilise pour un trafic de cannabis ?,"Détenir, acheter et vendre du cannabis","13223,6120,6121,6122,6123,6124"
875,1048,Protection sociale,Chômage,Quels sont les risques d'accepter un travail au noir si je suis au chômage ou en stage d'insertion professionnelle ?,Chômage et première expérience professionnelle,"6293,7072"
450,642,Justice,Infractions,"Que se passe-t-il si je travaille à temps plein, ou si je suis en incapacité de travail, ou si je suis en surveillance électronique ?","Droit pénitentiaire (prison et réinsertion), J'ai été condamné à effectuer une peine de travail autonome",6109
501,917,Logement,Location à Bruxelles,Quand puis-je récupérer la garantie locative à Bruxelles ?,"Bail de résidence principale (Bruxelles), Garantie locative, Récupération de la garantie locative","868,869,870"
239,1107,Travail,Travail salarié,Qu’est-ce que je risque si je remets un faux diplôme ou un CV trafiqué à mon futur employeur ?,Entretien d'embauche,"6311,6331,7090,7109"
63,138,Argent,Dettes,Qui peut demander un règlement collectif de dettes (RCD) ?,"Solutions pour lutter contre l'endettement, Règlement collectif de dettes (RCD), Introduction de la demande",5953
730,166,Argent,Succession et donation,"J'ai un administrateur de biens, puis-je faire une donation ?","Démarches avant décès, Donation et testament, Donation","1364,1403"
481,1108,Travail,Travail salarié,Qu'est-ce que je risque comme sanctions si je travaille au noir ?,Les risques du travail non déclaré,"6293,7072"
512,234,Etrangers,Nationalité belge,"Je suis majeur. Je suis handicapé . A quelles conditions puis-je demander la nationalité belge si je suis handicapé, invalide ou pensionné ?",invalide ou pensionné,"18760,18761"
350,964,Logement,Location à Bruxelles,Mon propriétaire peut-il faire des travaux alors que j’occupe le logement à Bruxelles ?,"Bail de résidence principale (Bruxelles), Réparations, entretiens et travaux, Travaux et améliorations, Travaux par le propriétaire","2490,839"
65,572,Famille,Être parents,"Nous sommes mariés, quel nom portera notre enfant ?",Nom de l'enfant,"1146,1148"
408,1036,Protection sociale,Aide du CPAS,Puis-je contester la décision du tribunal si je ne suis pas d'accord ?,"Contester la décision du CPAS, Recours devant le tribunal du travail",4676
168,882,Logement,Location à Bruxelles,Que se passe-t-il si je reste dans le logement après l’échéance du bail de courte durée à Bruxelles ?,"Bail de résidence principale (Bruxelles), Fin et rupture, Fin du bail de courte durée (3 ans ou moins), A l'échéance prévue",857
456,392,Famille,Personnes à l'autonomie fragilisée,"J'étais sous minorité prolongée, que s'est-il passé au 1er septembre 2019 ?",Minorité prolongée et administration provisoire de biens,"1355,1356,1357"
78,423,Famille,Situation de couples,J'ai signé une déclaration de cohabitation légale. Puis-je louer ou vendre notre maison sans l’accord de mon cohabitant légal ?,Cohabitation légale,"1071,2334"
316,628,Justice,Casier judiciaire,Puis-je demander qu’on enlève certaines mentions de mon casier judiciaire ?,Vider le casier judiciaire,"13903,13904,13905,13906,13907,13908,13909,13910,13911,13912,13913,13914,13915,13916"
653,175,Argent,Succession et donation,Nous sommes séparés mais pas divorcés. Mon conjoint va-t-il hériter de mes biens à mon décès ?,Succession et situations de couples,1820
595,131,Argent,Dettes,Que fait le médiateur de dettes lorsqu'il a été désigné ?,"Solutions pour lutter contre l'endettement, Règlement collectif de dettes (RCD), En cours de procédure","5966,5968"
557,35,Argent,Dettes,Je suis propriétaire. Mon locataire n'a pas payé sa facture d'eau. Qu'est-ce que je risque en Wallonie ?,"Dettes liées à la fourniture d'eau, En Wallonie",16578
306,537,Famille,Vivre en couple,Je me marie. Sommes-nous obligés de faire un contrat de mariage ?,Mariage,2232
655,898,Logement,Location à Bruxelles,Est-ce légal de conclure un bail à vie à Bruxelles ?,"Bail de résidence principale (Bruxelles), Fin et rupture, Fin du bail à vie",859
843,529,Famille,Vivre en couple,"Je me sépare. En tant que cohabitants légaux, quelles sont les conséquences de notre séparation sur nos biens ?","Cohabitation légale, Après la séparation","2328,2329,2330"
477,754,Logement,Insalubrité (Wallonie),Quelles sont les conséquences du résultat de l'enquête en Wallonie ?,,"12021,12022,12023,12024,12025,12026,12027,12028,12029"
483,309,Famille,Lien parents/enfants,Pourquoi y a-t-il parfois deux tuteurs pour un enfant mineur ?,"Tutelle, Rôle du tuteur",1311
732,973,Logement,Location à Bruxelles,Mon bail est-il un bail officiel de colocation à Bruxelles ?,Colocation (Bruxelles),"611,878,879,880,881,882"
569,1054,Protection sociale,Grossesse et naissance,A-t-on droit à l'allocation de naissance en cas de fausse couche ou d'enfant mort-né à Bruxelles ?,"Allocations familiales et allocation de naissance, Allocation de naissance, Allocation de naissance enfant né à partir du 1er janvier 2020, Enfant né à Bruxelles","947,948"
210,603,Justice,Au tribunal,J'introduis une demande en justice. Qu'est-ce que la requête conjointe (avant appelée comparution volontaire) ?,Introduction de la demande,"4787,4788,4789,4790,4791,4792,4793,4794,4795,4796,4797"
49,328,Famille,Obligations alimentaires,Je suis parent. Mon ex ne paie pas la contribution alimentaire. Puis-je refuser qu'il continue à voir les enfants ?,Les contributions alimentaires (pour les enfants),"1055,6502,6503,6504,6559,6560,6561"
688,658,Justice,Infractions,Le parquet est-il obligé de donner suite à ma plainte ?,"Procédure pénale, Procédure au parquet du procureur du Roi","13219,13220,13221,13222,13223,13224,13225"
500,149,Argent,Protection du consommateur,Je dépose plainte auprès d'un médiateur. L'entreprise est située en Belgique. Dans combien de temps le médiateur pour le consommateur me répondra ?,"Régler un conflit avec une entreprise, Le médiateur pour le consommateur (SMC)",15591
722,153,Argent,Protection du consommateur,Je dépose plainte auprès d'un médiateur. L'entreprise est située en Belgique. Dois-je payer pour déposer plainte devant le médiateur pour le consommateur ?,"Régler un conflit avec une entreprise, Le médiateur pour le consommateur (SMC)",15595
265,657,Justice,Infractions,Puis-je dénoncer au parquet une infraction dont je suis témoin ?,"Procédure pénale, Procédure au parquet du procureur du Roi","13211,13221"
880,712,Justice,L'avocat,Quel est le coût d'un divorce en général ?,Frais d'avocat,"5469,5470,5471"
377,926,Logement,Location à Bruxelles,Le propriétaire peut-il m'envoyer un décompte des charges 2 ans après la fin de mon bail à Bruxelles ?,"Bail de résidence principale (Bruxelles), Loyer, charges et assurances, Charges, Calcul et récupération des charges",2844
679,567,Famille,Être parents,Dois-je signaler ma grossesse à l'entretien d'embauche ?,"Naissance, Pendant la grossesse","22439,22440"
33,359,Famille,Personnes à l'autonomie fragilisée,A quelles conditions puis-je être mis sous administration de biens et/ou de la personne ?,Administration de biens et/ou de la personne (protection judiciaire),"1355,1357"
31,435,Famille,Situation de couples,Je me sépare. Comment se déroule la procédure de mesures urgentes et provisoires entre cohabitants légaux ?,"Cohabitation légale, Séparation devant le juge, Procédure","2336,4830,4831,4832,4846"
396,504,Famille,Situation de couples,Je suis victime de violences conjugales. Puis-je retirer ma plainte pour violences conjugales ?,Violences conjugales,"6516,6531,6598"
583,293,Famille,Lien parents/enfants,En quoi suis-je responsable de mon enfant ?,Responsabilité,2222
506,558,Famille,Être parents,Peut-on faire annuler un lien de filiation établi entre une mère/un père et son enfant ?,"Lien de filiation, Contester un lien de filiation","931,932,933,1093,1094,1095,1096,1097,1098,1099,1100,1101,1102,1103,1125"
218,183,Etrangers,Etrangers et famille,Je vis avec ma famille en Belgique. J'ai un enfant en Belgique. Je suis étranger. Quels documents dois-je déposer à la commune pour reconnaitre mon enfant ?,,1120
109,312,Famille,Lien parents/enfants,Qui contrôle le fonctionnement de la tutelle ?,"Tutelle, Surveillance du tuteur","1318,1319,1320,1326,1329,1330,1331,1332,1333,1334,1335,1336"
77,779,Logement,Insalubrité en Wallonie,Je m'assure que le propriétaire a obtenu un permis de location. Pour quels logements le permis de location est-il nécessaire en Wallonie ?,,"12031,12032"
796,502,Famille,Situation de couples,Je suis victime de violences conjugales. Que faire si ma plainte pour violences conjugales est classée sans suite ?,Violences conjugales,"13306,13307,13308,13430,13466,6531,6598"
433,1101,Travail,Travail et parentalité,Je suis travailleur salarié(e). Suis-je écartée pendant ma grossesse ?,Pendant la grossesse,"22225,22226,22227,22228,22229,22230,22231,22232,22233,22234"
82,1013,Logement,Location à Bruxelles,"Mon bail est un bail étudiant et de résidence principale, puis-je choisir quelles règles appliquer à Bruxelles ?","Kot (Bruxelles), Bail étudiant","873,874,875,876"
309,352,Famille,Obligations alimentaires,J'ai divorcé pour cause de désunion irrémédiable. Puis-je indexer la pension alimentaire Comment calculer cette indexation ?,"Les pensions alimentaires (entre époux/ex-époux), Pensions alimentaires dans le cadre d'une procédure de divorce, Procédure de divorce pour cause de désunion irrémédiable",1087
746,419,Famille,Situation de couples,J'ai signé une déclaration de cohabitation légale. Faut-il ouvrir un compte commun si on est cohabitants légaux ?,Cohabitation légale,"1073,1077"
296,660,Justice,Infractions,Quel est le rôle du parquet en matière pénale ?,"Procédure pénale, Procédure au parquet du procureur du Roi","13211,13212,13213,13214,13215,13216,13217,13218,13219,13220,13221,13222,13223,13224,13225,13226,13227,13228,13229,13230,13231,13232,13233,13234,13235,13236,13237,13238,13239,13240,13241,13242,13243,13244,13245,13246,13247,13248,13249,13250,13251,13252,13253,13254,13255,13256,13257,13258,13259,13260,13261,13262,13263,13264,13265,13266,13267,13268,13269,13270,13271,13272,13273,13274,13275,13276,13277,13278,13279,13280"
735,740,Logement,Domicile,Comment contester un refus d'adresse de référence ?,Adresse de référence,"4646,4791"
298,781,Logement,Insalubrité en Wallonie,Mon logement est reconnu inhabitable à cause de l'insalubrité. Mon logement fait l'objet d'un arrêté d'inhabitabilité à cause de l'insalubrité. Doit-on me reloger en Wallonie ?,", Mon logement a fait l'objet d'un arrêté d'inhabitabilité",12025
833,708,Justice,L'avocat,Puis-je changer d'avocat désigné si je ne suis pas satisfait ?,"Aide juridique (ex pro deo), Pendant et après l'aide juridique (ex pro deo)","4478,4479,4480,4481,4482,4483,4484,4485,4486,4487,4488,4489,4490,4491,4492,4493,4494,4495,4496,4497,4498,4499,4500,4501,4502,4503,4504,4505,4506,4507,4508,4509,4510,4748,4749,4750,4751,4752,4753,4754,4755,4756,4757,4758,4759,4760,4761,4762,4763,4764,4765,4766,4767,4768,4769,4770,4771"
5,850,Logement,Location à Bruxelles,Quand faire l'état des lieux à Bruxelles ?,"Bail de résidence principale (Bruxelles), Etat des lieux",838
54,337,Famille,Obligations alimentaires,Je suis parent. Dois-je encore payer la contribution alimentaire si mon fils de 23 ans est toujours en première ?,Les contributions alimentaires (pour les enfants),"1055,1150"
235,640,Justice,Infractions,Que se passe-t-il si je n’effectue pas correctement ma peine de travail ?,"Droit pénitentiaire (prison et réinsertion), J'ai été condamné à effectuer une peine de travail autonome",6110
448,407,Famille,Situation de couples,"Je me sépare. En tant que cohabitants légaux, quelles sont les conséquences de notre séparation sur nos droits et devoirs l’un envers l’autre ?",Cohabitation légale,2334
311,185,Etrangers,Etrangers et famille,Je vis avec ma famille en Belgique. J'ai un enfant en Belgique. Je suis étranger. La reconnaissance d'un enfant se fait-elle de la même manière pour un Belge ou pour un étranger ?,,"1118,1119,1120"
849,525,Famille,Vivre en couple,Je deviens cohabitant légal. Nous sommes cohabitants légaux. Dois-je reconnaître notre enfant ?,Cohabitation légale,"944,945,946,947,948,949,950,951,1093,1094,1095"
97,546,Famille,Vivre en couple,Je me sépare. Le juge de la famille peut-il imposer à l'un de nous de quitter le logement familial ?,"Mariage, Séparation devant le juge","5455,5456,5457,6531,6598"
781,344,Famille,Obligations alimentaires,Dois-je payer une pension alimentaire à mes grands-parents et mes arrières grands-parents ?,"Les obligations alimentaires (solidarité familiale), Sans demande d'intervention du CPAS",1060
568,250,Famille,Lien parents/enfants,Les père et mère de l'enfant résident ensemble. Qui peut prendre les décisions concernant l'enfant si les parents vivent ensemble ?,Autorité parentale,"1274,1275,1276,1277,1278,1279,1280,1281,1282,1283,1284,1285,1286,1287,1288,1289"
848,282,Famille,Lien parents/enfants,Les parents sont mariés ensemble. Quelles démarches effectuer pour être reconnu comme le père de mon enfant si nous sommes mariés ?,"Lien de filiation, Etablir un lien de filiation, Etablir le lien père/enfant","1096,1108"
424,1010,Logement,Location à Bruxelles,Le loyer de mon bail étudiant sera-t-il indexé à Bruxelles ?,"Kot (Bruxelles), Bail étudiant","842,876"
584,547,Famille,Vivre en couple,Je vis en couple. A qui appartient la maison construite ensemble sur mon terrain ?,Union libre,1458
25,582,Justice,Au tribunal,Je suis convoqué en justice. Suis-je obligé de prendre un avocat ?,"Au civil, Convocation à l'audience",4847
84,653,Justice,Infractions,J'ai été condamné à une peine de prison. Puis-je obtenir une libération conditionnelle ?,"Droit pénitentiaire (prison et réinsertion), Obtenir une libération conditionnelle",13489
10,613,Justice,Au tribunal,"J'introduis une demande en justice. J'ai fait appel du jugement, que se passe-t-il en attendant le nouveau jugement ?",La décision de justice,"5715,5716,5717"
659,800,Logement,Location en Wallonie,Mon propriétaire peut-il me réclamer des intérêts de retard en Wallonie ?,"Bail de résidence principale (Wallonie), Loyer, charges et assurances, Loyer, Retard de paiement",2035
713,876,Logement,Location à Bruxelles,Mon propriétaire a mis fin au bail. Puis-je partir avant la fin de son délai de préavis à Bruxelles ?,"Bail de résidence principale (Bruxelles), Fin et rupture, Fin du bail de 9 ans, Par le propriétaire",856
215,1027,Logement,Voisinage,Qui doit payer la construction du mur mitoyen ?,Mitoyenneté,"1583,1584,1585,1586,1587,1588,1589,1590,1591,1592,1593,1594,1595,1596,1597,7155,7156,7157,7158,7159,7160,7161"
761,287,Famille,Lien parents/enfants,Les parents ne sont pas mariés ensemble. Peut-on m'obliger à établir un lien de filiation avec mon enfant si ni moi ni la mère ne sommes mariés ?,"Lien de filiation, Etablir un lien de filiation, Etablir le lien père/enfant, Aucun des deux parents n'est marié","1104,1105,1106,1140,1142"
118,574,Famille,Être parents,Que faire si l'autre parent a pris une décision avec laquelle je ne suis pas d'accord concernant notre enfant ?,Séparation des parents,"1274,1275,1276,1277,1278,1279,1280,1281,1282,1283,1284,1285,1286,1287,1288,1289"
807,68,Argent,Dettes,"Qu'est-ce qui est remboursé en priorité: le principal, les intérêts ou les frais ?",Paiement des dettes,"2144,14440"
545,858,Logement,Location à Bruxelles,Une expulsion est-elle rapide à Bruxelles ?,"Bail de résidence principale (Bruxelles), Fin et rupture, Expulsion","5561,5562,5563,5564,5565,5566,5567"
29,859,Logement,Location à Bruxelles,L'expulsion est-elle interrompue si je suis en RCD (réglement collectif de dettes) à Bruxelles ?,"Bail de résidence principale (Bruxelles), Fin et rupture, Expulsion","5961,5968"
247,66,Argent,Dettes,Un ami veut me prêter de l'argent. Comment faire ?,Dettes liées à un prêt entre particuliers,"2589,2590,2591,2592,2593,2594,2595,2596,2597,2598,2599,2600,2601,2602,2603,2604,2605,2606,2607,2608,2609,2610,2611,2612,2613,2614,2615,2616,2617,2618,2619,2620,2621,2622,2623,2624,2625,2626,2627,2628,2629,2630,2631"
404,330,Famille,Obligations alimentaires,Je suis parent. Je n'ai pas confiance en mon ex. Sur quel autre compte puis-je payer la contribution alimentaire ?,Les contributions alimentaires (pour les enfants),"1056,2127"
434,360,Famille,Personnes à l'autonomie fragilisée,Puis-je être mis sous administration de biens si je gère mal mon argent ?,Administration de biens et/ou de la personne (protection judiciaire),1357
360,207,Etrangers,Nationalité belge,Je suis majeur. Je suis apatride. Comment obtenir le statut d'apatride ?,,"4589,5125,5126"
355,763,Logement,Insalubrité en Wallonie,Je pense que mon logement est insalubre. Je m'adresse au juge de paix. Comment introduire ma demande auprès du juge de paix en cas d'insalubrité ?,,"4787,4788,4789,4790,4791,4792,4793,4794,4795,4796,4797,5561,4642,4699"
81,143,Argent,Impôts,Je me lance dans la vie. Je vis en colocation. Je travaille. Comment puis-je contester le montant que je dois payer ?,,"5635,5636,4589,4706"
838,1008,Logement,Location à Bruxelles,Quelle est la durée d’un bail étudiant à Bruxelles ?,"Kot (Bruxelles), Bail étudiant","873,874,875,876"
362,629,Justice,Casier judiciaire,Est-ce que certaines mentions du casier judiciaire s’effacent au bout d’un certain temps ?,Vider le casier judiciaire,"13901,13902"
552,305,Famille,Lien parents/enfants,Le tuteur est-il obligé d'accepter sa désignation ?,"Tutelle, Désignation du tuteur",1312
620,777,Logement,Insalubrité en Wallonie,Comment savoir si mon logement est surpeuplé ?,,12012
777,996,Logement,Location à Bruxelles,Comment répartir les obligations entre les colocataires à Bruxelles ?,"Colocation (Bruxelles), Loyers, charges et assurances",882
809,796,Logement,Location en Wallonie,Le propriétaire peut-il m'envoyer un décompte des charges deux ans après la fin de mon bail en Wallonie ?,"Bail de résidence principale (Wallonie), Loyer, charges et assurances, Charges, Calcul des charges",2844
275,174,Argent,Succession et donation,Mon conjoint vient de décéder. Quels sont mes droits dans sa succession ?,Succession et situations de couples,"1670,1820,1824"
531,212,Etrangers,Nationalité belge,Je suis majeur. Je suis apatride. Comment se déroule la procédure de demande de naturalisation ?,,18765
758,483,Famille,Situation de couples,Je me sépare. A quoi servent les mesures urgentes et provisoires ?,"Mariage, Séparation judiciaire-mesures urgentes et provisoires","1079,5456,5457"
696,1017,Logement,Location à Bruxelles,Où trouver un modèle de requête en matière de bail à Bruxelles ?,Régler un conflit locatif (Bruxelles),"5132,5133,5134"
709,255,Famille,Lien parents/enfants,Je suis grand-parent. Ai-je droit à des contacts avec mes petits-enfants ?,Droits des grands-parents,1281
381,427,Famille,Situation de couples,J'ai signé une déclaration de cohabitation légale. Dois-je aider mon cohabitant légal s’il est dans le besoin ?,Cohabitation légale,"2328,2329,2330"
792,1071,Protection sociale,Santé et maladie,Faut-il toujours passer un examen médical avant de reprendre le travail ?,Reprise du travail après l'incapacité,"21076,21077,21078"
365,479,Famille,Situation de couples,Je me marie. Quelles démarches dois-je effectuer pour pouvoir me marier ?,Mariage,"1022,1023,1024"
429,626,Justice,Casier judiciaire,Qu’est-ce qu’un extrait de casier judiciaire (certificat de bonnes vie et moeurs) ?,Contenu du casier judiciaire et extraits de casier judiciaire,"13869,13870,13871,13872,13873,13874,13875,13876,13877,13878,13879,13880,13881,13882"
522,1015,Logement,Location à Bruxelles,Puis-je m'adresser au juge de paix pour régler un conflit locatif à Bruxelles ?,Régler un conflit locatif (Bruxelles),"4787,4788,4789,4790,4791,4792,4793,4794,4795,4796,4797,5561,4642,4699"
631,248,Famille,Lien parents/enfants,"Les père et mère de l'enfant résident ensemble. L'école, le médecin, etc. doivent-ils toujours demander l'accord des 2 parents pour les décisions concernant l'enfant ?",Autorité parentale,"1274,1275,1276,1277,1278,1279,1280,1281,1282,1283,1284,1285,1286,1287,1288,1289"
409,52,Argent,Dettes,Que se passe-t-il si je ne paie pas mon crédit hypothécaire ?,Dettes liées à un crédit hypothécaire,"5861,5862,5863,5864,5865,5866,5867,5868,5869,5870,5871,5872,5873,5874,5875,5876,5877,5878,5879,5880,5881,5882,5883,5884,5885,5886,5887,5888,5889,5890,5891,5892,5893,5894,5895,5896,5897,5898,5899,5900,5901,5902,5903,5904,5905,5906,5907,5908,5909,5910,5911,5912,5913,5914,5915,5916,5917,5918,5919,5920,5921,5922,5923,5924,5925,5926,14503,14504,14505,14506,14507,14508,14522,14523,14524,14525,14526,14527,14528,14529,14530,14531"
281,1095,Travail,Secret professionnel,Je reçois les confidences en tant que professionnel. Comment savoir si je suis tenu au secret professionnel ?,,"5989,6617"
7,342,Famille,Obligations alimentaires,Je suis parent. Dois-je encore payer une contribution alimentaire si je n'ai plus de contact avec mes enfants ?,Les contributions alimentaires (pour les enfants),"1055,1274"
623,782,Logement,Location en Wallonie,Je loue un garage. Quelles règles s'appliquent à mon bail en Wallonie ?,"Bail de résidence principale (Wallonie), Champ d'application","2475,2476,2477,2478,2479,2480,2481,2482,2483,2484,2485,2486,2487,2488,2489,2490,2491,2492,2493,2494,2495,2496,2497,2498,2499,2500,2501,2502,2503,2504,2505,2506,2507,2508,2509,2510,2511,2512,2513,2514,2515,2516,2517,2518,2519,2520,2521,2522,2523,2524,2525,2526,2527,2528,2529,2530,2531,2532,2533,2534,2535"
155,13,Argent,Assurances,Quels sont les enfants couverts par une assurance RC familiale ?,"Assurance ""(RC) familiale"", Enfants couverts",2222
529,285,Famille,Lien parents/enfants,Les parents ne sont pas mariés ensemble. Devant quel tribunal aller en cas de problème lié à la filiation ?,"Lien de filiation, Etablir un lien de filiation, Etablir le lien père/enfant, Aucun des deux parents n'est marié","1139,4793"
416,380,Famille,Personnes à l'autonomie fragilisée,Combien coûte la procédure de mise sous administration de biens et/ou de la personne ?,"Administration de biens et/ou de la personne (protection judiciaire), La procédure de mise sous administration de biens et/ou de la personne, Introduction de la demande","5414,5415,5416"
101,484,Famille,Situation de couples,Je me sépare. Le juge de la famille peut-il imposer à l'un de nous de quitter le logement familial ?,"Mariage, Séparation judiciaire-mesures urgentes et provisoires","5455,5456,5457,6531,6598"
199,188,Etrangers,Etrangers et famille,Je vis avec ma famille en Belgique. Je deviens cohabitant légal. Dans quels cas l'officier de l'état civil peut-il refuser d'enregistrer une déclaration de cohabitation légale ?,,"2328,2329,2330"
390,148,Argent,Protection du consommateur,Je dépose plainte auprès d'un médiateur. L'entreprise est située en Belgique. Quel faire si ma plainte n’a pas été déposée devant le bon médiateur compétent ?,Régler un conflit avec une entreprise,"15580,15589"
580,620,Justice,Casier judiciaire,Où demander mon extrait de casier judiciaire ?,,13875
367,459,Famille,Situation de couples,Je suis marié(e). Les biens que je possédais avant le mariage deviennent-ils communs ?,Mariage,"2241,2305"
231,130,Argent,Dettes,Où va mon argent pendant la phase de négociation avec les créanciers ?,"Solutions pour lutter contre l'endettement, Règlement collectif de dettes (RCD), En cours de procédure","5966,5990"
567,655,Justice,Infractions,Qu’est-ce que la médiation pénale ?,"Procédure pénale, Mesures alternatives : transaction pénale et médiation pénale",13522
678,405,Famille,Situation de couples,"Je me sépare. On se sépare, quel est le sort de la maison achetée ensemble ?",Cohabitation légale,1733
2,474,Famille,Situation de couples,Je suis marié(e). Nous sommes mariés. Dois-je reconnaître mon enfant ?,Mariage,"1096,1097,1098,1108,1109,1110"
684,30,Argent,Dettes,Quels sont les risques si je ne paie pas mon stationnement ?,"Dettes liées à diverses taxes ou redevances, Taxe/redevance de stationnement","4589,17094"
862,235,Etrangers,Séjour illégal,Je suis en séjour illégal en Belgique (sans papiers). Je suis étranger. La commune peut-elle refuser que je reconnaisse mon enfant ?,,"1126,1127,1128,5455"
244,706,Justice,L'avocat,L'avocat pro deo peut-il me réclamer des honoraires ?,"Aide juridique (ex pro deo), Les frais de l'aide juridique (ex prodeo)","4478,4479,4480,4481,4482,4483,4484,4485,4486,4487,4488,4489,4490,4491,4492,4493,4494,4495,4496,4497,4498,4499,4500,4501,4502,4503,4504,4505,4506,4507,4508,4509,4510,4748,4749,4750,4751,4752,4753,4754,4755,4756,4757,4758,4759,4760,4761,4762,4763,4764,4765,4766,4767,4768,4769,4770,4771"
601,126,Argent,Dettes,Que puis-je faire si je ne suis pas d'accord avec le plan ?,"Solutions pour lutter contre l'endettement, Règlement collectif de dettes (RCD), En cours de procédure","5145,5152,5153,5154"
158,885,Logement,Location à Bruxelles,"Mon propriétaire ne fait pas les réparations nécessaires, puis-je rompre le bail à Bruxelles ?","Bail de résidence principale (Bruxelles), Fin et rupture, Fin du bail de courte durée (3 ans ou moins), Par le juge de paix",2072
514,232,Etrangers,Nationalité belge,Je suis majeur. Je suis handicapé . Que faire si je n'ai pas d'acte de naissance pour ma demande de nationalité ?,invalide ou pensionné,"4697,18750"
825,910,Logement,Location à Bruxelles,Mon propriétaire exige une garantie locative de 3 mois. Est-ce légal à Bruxelles ?,"Bail de résidence principale (Bruxelles), Garantie locative, Constitution de la garantie locative","868,869,870"
559,673,Justice,Infractions,J'ai commis une infraction. Puis-je me faire assister par mon avocat pour l’audition à la police ?,"Procédure pénale, Procédure au poste de police",13266
570,1018,Logement,Régler un conflit locatif,Où trouver un modèle de requête en matière de bail ?,,"5132,5133,5134"
832,455,Famille,Situation de couples,Je suis marié(e). Qui doit payer le remboursement d’un prêt si nous sommes mariés ?,Mariage,"2248,2249,2250,1078"
593,938,Logement,Location à Bruxelles,Mon loyer peut-il être indexé à Bruxelles ?,"Bail de résidence principale (Bruxelles), Loyer, charges et assurances, Loyers, Indexation du loyer",842
519,1080,Travail,Maladie - incapacité de travail,A quelles conditions peut-on rompre le contrat pour force majeure médicale ?,Rupture du contrat de travail pour force majeure médicale,"21114,21115,21116,21117,21118,21119,21120,21121,21122,21123,21124"
449,1043,Protection sociale,Aide du CPAS,Qui sont les débiteurs alimentaires auprès desquels le CPAS peut récupérer l'aide sociale ?,L'aide sociale,"1055,1056,1057,1058,1059,1060,1061,1062,1063,1064,1065,1066,1067"
344,1090,Travail,Secret professionnel,Je reçois les confidences en tant que professionnel. Le secret professionnel couvre-t-il ce que la personne ne m'a pas confié ?,,"945,6464,6617"
346,802,Logement,Location en Wallonie,Une personne sous administration de biens et/ou de la personne peut-elle signer un bail en Wallonie ?,"Bail de résidence principale (Wallonie), Rédaction et signature","1368,2012,2013,2014"
731,200,Etrangers,Etrangers et famille,Je vis avec ma famille en Belgique. Je me marie. Puis-je venir en Belgique pour me marier ?,Mariage,953
650,85,Argent,Dettes,"Mon ami a son adresse de référence chez moi, peut-on saisir mes meubles ?","Procédures de récupération des dettes, Récupération judiciaire des dettes, La saisie mobilière","5815,5827"
212,45,Argent,Dettes,"Si on m'expulse, que fait-on de mes meubles ?",Dettes liées à un contrat de bail,"5728,5565"
440,758,Logement,Insalubrité (Wallonie),Mon logement est insalubre et le propriétaire ne réagit pas. Puis-je suspendre le paiement des loyers en Wallonie ?,,"4821,5567"
79,324,Famille,Obligations alimentaires,Je suis parent. Comment réclamer les frais extraordinaires à mon ex ?,Les contributions alimentaires (pour les enfants),"1056,5516"
148,21,Argent,Assurances,Je suis propriétaire. Dois-je installer des détecteurs incendie en Wallonie ?,"Assurance incendie, Protéger son habitation",12031
827,807,Logement,Location en Wallonie,Comment introduire un recours contre la décision d’un organisme de sécurité sociale en Wallonie ?,Colocation (Wallonie),4791
60,863,Logement,Location à Bruxelles,Dois-je partir avant la mise en oeuvre de l'expulsion à Bruxelles ?,"Bail de résidence principale (Bruxelles), Fin et rupture, Expulsion","5562,5563,5564,5565,5566"
800,902,Logement,Location à Bruxelles,"A quoi, à qui et quand sert la prorogation pour circonstances exceptionnelles à Bruxelles ?","Bail de résidence principale (Bruxelles), Fin et rupture, Prorogation du bail en cas de circonstances exceptionnelles","870,871,872"
884,364,Famille,Personnes à l'autonomie fragilisée,Que faire si le montant des frais et honoraires de l'administrateur semble exagéré ?,"Administration de biens et/ou de la personne (protection judiciaire), La mission de l'administrateur de biens et/ou de la personne",1387
691,456,Famille,Situation de couples,Je suis marié(e). Mon conjoint touche un héritage. Est-ce que j'en profite aussi ?,Mariage,2241
468,442,Famille,Situation de couples,Je divorce. Quelles sont les conséquences de notre divorce en ce qui concerne nos enfants ?,Mariage,"1274,1275,1276"
692,669,Justice,Infractions,J'ai commis une infraction. Suis-je obligé de dénoncer mes complices à la police ?,"Procédure pénale, Procédure au poste de police",13266
133,1078,Travail,Maladie - incapacité de travail,Comment se passe la procédure du trajet de réintégration ?,Rupture du contrat de travail pour force majeure médicale,"21114,21115,21116,21117,21118,21119,21120,21121,21122,21123,21124"
817,111,Argent,Dettes,Le règlement collectif de dettes arrête-t-il une mesure d'expulsion ?,"Solutions pour lutter contre l'endettement, Règlement collectif de dettes (RCD), Effets de la procédure","5961,5968,5972,5973"
165,28,Argent,Dettes,Qui doit payer le précompte immobilier ?,"Dettes liées à diverses taxes ou redevances, Précompte immobilier",844
538,193,Etrangers,Etrangers et famille,Je vis avec ma famille en Belgique. Je me marie. Que faire si je n'ai pas d'acte de naissance pour effectuer ma déclaration de mariage ?,Mariage,1024
55,36,Argent,Dettes,Après combien de temps ma facture d'eau est-elle prescrite en Wallonie ?,"Dettes liées à la fourniture d'eau, En Wallonie",2844
521,216,Etrangers,Nationalité belge,Je suis majeur. Je séjourne en Belgique depuis au moins 10 ans. A quelles conditions puis-je demander la nationalité si je vis en Belgique depuis 10 ans ?,,18760
664,769,Logement,Insalubrité en Wallonie,Je pense que mon logement est insalubre. Je contacte le propriétaire. Mon logement est insalubre et le propriétaire ne réagit pas. Puis-je faire effectuer les travaux nécessaires et lui envoyer la facture en Wallonie ?,,"4821,5567"
721,1106,Travail,Travail et parentalité,"Je suis travailleur salarié(e). Quand dois-je reprendre le travail après le congé de maternité, et quelles démarches dois-je faire ?","Reprise du travail et allaitement, Reprise du travail","22225,22226,22227,22228,22229,22230,22231,22232,22233,22234"
802,197,Etrangers,Etrangers et famille,Je vis avec ma famille en Belgique. Je me marie. Puis-je effectuer un recours si on refuse mon mariage ?,Mariage,1032
590,1100,Travail,Secret professionnel,"Je reçois les confidences en tant que professionnel. Je travaille dans un CPAS, dois-je communiquer spontanément au procureur du Roi des soupçons de radicalisation ou de terrorisme ?",Secret professionnel et lutte contre le terrorisme,"13227,13259,6241"
578,912,Logement,Location à Bruxelles,Puis-je ne pas payer mes 2 derniers mois de loyer pour m'assurer de récupérer la garantie locative à Bruxelles ?,"Bail de résidence principale (Bruxelles), Garantie locative, Fonctionnement de la garantie locative","868,869,870"
204,127,Argent,Dettes,Que faire si mes conditions de revenus varient lors du règlement collectif de dettes ?,"Solutions pour lutter contre l'endettement, Règlement collectif de dettes (RCD), En cours de procédure",5976
606,815,Logement,Location en Wallonie,Est-ce que je dois installer des détecteurs incendie en Wallonie ?,"Kot (Wallonie), Loyer, charges et assurances, Assurances",12031
445,1019,Logement,Régler un conflit locatif,Puis-je m'adresser au juge de paix pour régler un conflit locatif ?,,"4787,4788,4789,4790,4791,4792,4793,4794,4795,4796,4797,5561,4642,4699"
629,374,Famille,Personnes à l'autonomie fragilisée,Qui peut être entendu par le juge de paix lors de la procédure de mise sous administration de biens et/ou de la personne ?,"Administration de biens et/ou de la personne (protection judiciaire), La procédure de mise sous administration de biens et/ou de la personne, Déroulement de la procédure",5420
447,1058,Protection sociale,Grossesse et naissance,Pourquoi faut-il déclarer l'enfant à la commune ?,Déclaration de naissance,"931,932,933,934,935,936,937,938"
742,559,Famille,Être parents,Devant quel tribunal aller en cas de problème lié à la filiation ?,"Lien de filiation, Contester un lien de filiation","1139,4793"
599,446,Famille,Situation de couples,Je divorce. Je divorce par consentement mutuel. Comment introduire une demande de divorce une fois nos conventions rédigées ?,Mariage,5487
363,737,Logement,Bail de résidence principale (Wallonie),Dois-je installer des détecteurs incendie en Wallonie ?,"Réparations, entretiens et travaux",12031
368,82,Argent,Dettes,Qu'est-ce que la saisie immobilière ?,"Procédures de récupération des dettes, Récupération judiciaire des dettes, La saisie immobilière","5861,5862,5863"
172,333,Famille,Obligations alimentaires,Je suis parent. Puis-je indexer la contribution alimentaire Comment calculer cette indexation ?,Les contributions alimentaires (pour les enfants),"1058,5486"
764,162,Argent,Succession et donation,Mon père vient de décéder. Dois-je payer ses dettes ?,"Démarches après décès, Formalités après décès","1692,1693,1694,1695,1696,1697,1698,1699,1700,1701,1702,1703,1704,1705,1706,1707,1708,1709,1710,1711,1712,1713,1714,1715,1716,1717,1718,1719,1720,1721,1722,1723,1724,1725,1726,1727,1728,1729,1768,1769,1770,1771,1772,1773,1774,1775,1776,1777,1778,1779,1780"
305,1026,Logement,Voisinage,"Mon voisin refuse de vendre sa mitoyenneté, que dois-je faire ?",Mitoyenneté,"1583,1584,1585,1586,1587,1588,1589,1590,1591,1592,1593,1594,1595,1596,1597,7155,7156,7157,7158,7159,7160,7161"
323,186,Etrangers,Etrangers et famille,Je vis avec ma famille en Belgique. J'ai un enfant en Belgique. Je suis en séjour illégal. Puis-je reconnaître mon enfant en Belgique ?,,"940,1118,1119,1120"
797,755,Logement,Insalubrité (Wallonie),Qui peut réaliser l'enquête de salubrité en Wallonie ?,,"12021,12022,12023,12024,12025,12026,12027,12028,12029"
90,808,Logement,Location en Wallonie,Dois-je payer les frais de justice si je conteste une décision d’un organisme de sécurité sociale en Wallonie ?,Colocation (Wallonie),"5114,5119"
830,177,Argent,Succession et donation,Mon partenaire est décédé. Quels sont mes droits dans sa succession ?,Succession et situations de couples,"1821,1824"
181,597,Justice,Au tribunal,Je suis convoqué en justice. Je ne suis pas d'accord avec la décision: que faire ?,"Au civil, La décision de justice","5152,5153,5154,4684,4685,4686,5715,5716,5717"
791,647,Justice,Infractions,Qui surveille l’exécution de ma peine de travail ?,"Droit pénitentiaire (prison et réinsertion), J'ai été condamné à effectuer une peine de travail autonome","6108,6109,6110"
69,170,Argent,Succession et donation,Comment puis-je être certain que mes proches trouveront mon testament après mon décès ?,"Démarches avant décès, Donation et testament, Testament","1863,1864,1865"
131,698,Justice,L'avocat,Quel recours contre une décision du bureau d'aide juridique ?,"Aide juridique (ex pro deo), Contester une décision du bureau d'aide juridique","4478,4479,4480,4481,4482,4483,4484,4485,4486,4487,4488,4489,4490,4491,4492,4493,4494,4495,4496,4497,4498,4499,4500,4501,4502,4503,4504,4505,4506,4507,4508,4509,4510,4748,4749,4750,4751,4752,4753,4754,4755,4756,4757,4758,4759,4760,4761,4762,4763,4764,4765,4766,4767,4768,4769,4770,4771"
493,762,Logement,Insalubrité en Wallonie,Je pense que mon logement est insalubre. Je m'adresse à la police car je suis victime d'un marchand de sommeil. Qu'est-ce qu'un marchand de sommeil ?,,6582
635,428,Famille,Situation de couples,J'ai signé une déclaration de cohabitation légale. Nous sommes cohabitants légaux. Dois-je reconnaître notre enfant ?,Cohabitation légale,"944,945,946,947,948,949,950,951,1093,1094,1095"
135,976,Logement,Location à Bruxelles,Les colocataires tous ensemble peuvent-ils mettre fin au bail non officiel de colocation avant l'échéance à Bruxelles ?,"Colocation (Bruxelles), Durée et fin de la colocation, Durée et fin du bail non officiel de colocation (colocation Bruxelles)","2506,856,857,858,859"
164,1061,Protection sociale,Grossesse et naissance,Je suis travailleuse salariée. Dois-je signaler ma grossesse à l'entretien d'embauche ?,Pendant la grossesse,"22439,22440"
28,89,Argent,Dettes,Que se passe-t-il si je suis saisi sur mes revenus et que j'ai d'autres créanciers ?,"Procédures de récupération des dettes, Récupération judiciaire des dettes, La saisie sur les revenus","5736,5927,5853,5854,5855"
482,968,Logement,Location à Bruxelles,Dois-je payer les frais de justice si je conteste une décision d’un organisme de sécurité sociale à Bruxelles ?,Colocation (Bruxelles),"5114,5119"
193,899,Logement,Location à Bruxelles,Combien de fois puis-je demander la prorogation pour circonstances exceptionnelles à Bruxelles ?,"Bail de résidence principale (Bruxelles), Fin et rupture, Prorogation du bail en cas de circonstances exceptionnelles",872
299,697,Justice,L'avocat,Puis-je changer d'avocat désigné si je ne suis pas satisfait ?,"Aide juridique (ex pro deo), Contester une décision du bureau d'aide juridique","4478,4479,4480,4481,4482,4483,4484,4485,4486,4487,4488,4489,4490,4491,4492,4493,4494,4495,4496,4497,4498,4499,4500,4501,4502,4503,4504,4505,4506,4507,4508,4509,4510,4748,4749,4750,4751,4752,4753,4754,4755,4756,4757,4758,4759,4760,4761,4762,4763,4764,4765,4766,4767,4768,4769,4770,4771"
494,73,Argent,Dettes,Quels recours exercer contre les abus lors d'un recouvrement amiable ?,"Procédures de récupération des dettes, Récupération amiable des dettes","4457,4458,4459,4460,4461,4462,4463,4464,4465,4466,4467,4468,4469,4470,4471,4472,4473,4474,4541,4542,4543,4544,4545,4546,4547,4548,4549,4550,4551,4552,4553,4554"
436,856,Logement,Location à Bruxelles,Quel est le rôle du CPAS en cas d'expulsion à Bruxelles ?,"Bail de résidence principale (Bruxelles), Fin et rupture, Expulsion","5561,5562,5563,5564,5565,5566,5567"
140,103,Argent,Dettes,Quel est le rôle du médiateur de dettes ?,"Solutions pour lutter contre l'endettement, Règlement collectif de dettes (RCD), Analyse de la demande, Désignation du médiateur de dettes judiciaire","5954,5968,5987,5988,5989,5990"
173,623,Justice,Casier judiciaire,Est-ce que certaines mentions du casier judiciaire s’effacent au bout d’un certain temps ?,,"13901,13902"
6,176,Argent,Succession et donation,Mon cohabitant légal est décédé. Quels sont mes droits dans sa succession ?,Succession et situations de couples,"1676,2334"
711,95,Argent,Dettes,Puis-je arrêter ma guidance/gestion budgétaire ?,"Solutions pour lutter contre l'endettement, Guidance budgétaire / Gestion budgétaire",2723
478,992,Logement,Location à Bruxelles,Comment rédiger un état des lieux à Bruxelles ?,"Colocation (Bruxelles), Etat des lieux","2500,2502,838"
73,389,Famille,Personnes à l'autonomie fragilisée,Comment modifier la mesure d'administration de biens et/ou de la personne ?,"Administration de biens et/ou de la personne (protection judiciaire), Modification ou fin de la mesure d'administration de biens et/ou de la personne","1367,5423"
621,311,Famille,Lien parents/enfants,Que peut faire l'enfant en cas de conflit avec son tuteur ?,"Tutelle, Surveillance du tuteur",1321
319,705,Justice,L'avocat,Dois-je payer quelque chose si j'ai droit à l'aide juridique (ex pro deo) ?,"Aide juridique (ex pro deo), Les frais de l'aide juridique (ex prodeo)","4478,4479,4480,4481,4482,4483,4484,4485,4486,4487,4488,4489,4490,4491,4492,4493,4494,4495,4496,4497,4498,4499,4500,4501,4502,4503,4504,4505,4506,4507,4508,4509,4510"
444,378,Famille,Personnes à l'autonomie fragilisée,Que faire si on ne parvient pas à obtenir le certificat médical circonstancié ?,"Administration de biens et/ou de la personne (protection judiciaire), La procédure de mise sous administration de biens et/ou de la personne, Introduction de la demande",5417
145,604,Justice,Au tribunal,J'introduis une demande en justice. Qu'est-ce qu'une requête ?,Introduction de la demande,"4787,4788,4789,4790,4791,4792,4793,4794,4795,4796,4797,5132,5133,5134"
234,750,Logement,Hébergement,"J'héberge un ami/un proche. Mon ami prétend qu'un bail verbal existe entre nous, que puis-je faire ?",Fin de l'hébergement,2478
220,470,Famille,Situation de couples,Je suis marié(e). Dois-je avoir l'accord de mon conjoint pour exercer une profession ?,Mariage,1072
361,717,Justice,Petite délinquance,Quelles sont les sanctions si j’ai cassé une voiture ?,Dégradations et incendies,"6718,6719,6720,6721,6722,6723,6724,6725,6726,6727,6728,6729,6730,6731,6732"
380,329,Famille,Obligations alimentaires,Je suis parent. Dois-je m'inquiéter pour la contribution alimentaire de mon fils si mon ex rentre en règlement collectif de dettes ?,Les contributions alimentaires (pour les enfants),"1055,5740,5973"
132,242,Famille,Lien parents/enfants,Les père et mère de l'enfant résident séparément. Les tiers doivent-ils toujours demander l'accord des 2 parents ?,Autorité parentale,"1274,1275,1276,1277,1278,1279,1280,1281,1282,1283,1284,1285,1286,1287,1288,1289"
815,650,Justice,Infractions,J'ai été condamné à une peine de prison. Puis-je être entendu pour expliquer mon plan de réinsertion sociale ?,"Droit pénitentiaire (prison et réinsertion), Obtenir le bracelet électronique","6106,6107"
826,137,Argent,Dettes,"Je suis indépendant, puis-je introduire un règlement collectif de dettes (RCD) ?","Solutions pour lutter contre l'endettement, Règlement collectif de dettes (RCD), Introduction de la demande",5953
836,481,Famille,Situation de couples,Je me sépare. Puis-je demander au juge qu’il prenne des mesures urgentes et provisoires par rapport à nos biens ?,"Mariage, Séparation judiciaire-mesures urgentes et provisoires",1079
41,372,Famille,Personnes à l'autonomie fragilisée,Comment désigner une personne de confiance ?,"Administration de biens et/ou de la personne (protection judiciaire), La personne de confiance","1424,1425"
543,56,Argent,Dettes,Après combien de temps ma dette de crédit à la consommation est-elle prescrite ?,Dettes liées à un crédit à la consommation,"2825,2844"
108,236,Etrangers,Séjour illégal,Je suis en séjour illégal en Belgique (sans papiers). Je suis en séjour illégal. Puis-je reconnaître mon enfant en Belgique ?,,"940,1118,1119,1120"
412,544,Famille,Vivre en couple,Je me sépare. Comment se déroule la procédure de séparation devant le tribunal de la famille ?,"Mariage, Séparation devant le juge","1079,5452,5453,5454,5455,5456,5457,5458,5459"
56,1009,Logement,Location à Bruxelles,Le propriétaire peut-il augmenter le loyer de mon bail étudiant à Bruxelles ?,"Kot (Bruxelles), Bail étudiant","860,876"
352,919,Logement,Location à Bruxelles,Que faire si le propriétaire refuse de libérer la garantie locative à Bruxelles ?,"Bail de résidence principale (Bruxelles), Garantie locative, Récupération de la garantie locative","868,869,870"
338,643,Justice,Infractions,Quelles tâches vais-je effectuer pour ma peine de travail ?,"Droit pénitentiaire (prison et réinsertion), J'ai été condamné à effectuer une peine de travail autonome","6108,6109,6110"
485,925,Logement,Location à Bruxelles,Comment vérifier les charges qui me sont facturées à Bruxelles ?,"Bail de résidence principale (Bruxelles), Loyer, charges et assurances, Charges, Calcul et récupération des charges","836,842"
24,594,Justice,Au tribunal,Je suis convoqué en justice. Que faire si mon adversaire ne respecte pas la décision de justice ?,"Au civil, La décision de justice","5715,5716,5717"
342,896,Logement,Location à Bruxelles,Mon propriétaire peut-il mettre fin au bail à vie à Bruxelles ?,"Bail de résidence principale (Bruxelles), Fin et rupture, Fin du bail à vie",859
420,443,Famille,Situation de couples,Je divorce. Je divorce par consentement mutuel. Quand serons-nous officiellement divorcés (divorce par consentement mutuel) ?,Mariage,"5504,5505"
425,1047,Protection sociale,Chômage,A qui m’adresser si j'ai un problème avec l’ONEM ?,,4791
51,1096,Travail,Secret professionnel,A quoi sert le secret professionnel ?,,6617
398,596,Justice,Au tribunal,"Je suis convoqué en justice. J'ai fait appel du jugement, que se passe-t-il en attendant le nouveau jugement ?","Au civil, La décision de justice","5715,5716,5717"
812,90,Argent,Dettes,Comment calcule-t-on le montant saisissable si je perçois plusieurs types de revenus ?,"Procédures de récupération des dettes, Récupération judiciaire des dettes, La saisie sur les revenus","5736,5853,5854,5855"
660,622,Justice,Casier judiciaire,Qu’est-ce qu’un extrait de casier judiciaire (certificat de bonnes vie et moeurs) ?,,"13869,13870,13871,13872,13873,13874,13875,13876,13877,13878,13879,13880,13881,13882"
264,269,Famille,Lien parents/enfants,Devant quel tribunal aller en cas de problème lié à la filiation ?,"Lien de filiation, Etablir un lien de filiation, Etablir le lien mère/enfant","1139,4793"
816,115,Argent,Dettes,Le règlement collectif de dettes arrête-t-il les saisies sur mes meubles ou mon salaire ?,"Solutions pour lutter contre l'endettement, Règlement collectif de dettes (RCD), Effets de la procédure",5961
644,520,Famille,Vivre en couple,"Je me sépare. En tant que cohabitants légaux, quel juge peut régler nos problèmes avant séparation ?",Cohabitation légale,"2336,4697"
801,665,Justice,Infractions,Je suis témoin d'une infraction. Suis-je obligé de dénoncer/révéler à la police ce dont je suis témoin ?,"Procédure pénale, Procédure au poste de police","13227,6548"
773,952,Logement,Location à Bruxelles,"Mon propriétaire ne fait pas les réparations nécessaires, puis-je rompre le bail à Bruxelles ?","Bail de résidence principale (Bruxelles), Réparations, entretiens et travaux, Inaction du propriétaire",2072
18,413,Famille,Situation de couples,J'ai signé une déclaration de cohabitation légale. Dois-je payer les dettes de mon cohabitant légal ?,Cohabitation légale,"2328,2329,2330"
656,164,Argent,Succession et donation,J’hésite à faire un testament ou une donation. Que choisir ?,"Démarches avant décès, Donation et testament","1799,1800,1801"
705,1065,Protection sociale,Santé et maladie,Je ne suis pas d’accord avec la décision du médecin-conseil. Puis-je la contester ?,"Reprise d'un travail adapté pendant l'incapacité, Reprise du travail partielle avec l'autorisation de la mutuelle (« mi-temps médical »)",4791
83,189,Etrangers,Etrangers et famille,Je vis avec ma famille en Belgique. Je deviens cohabitant légal. Peut-on m'expulser si je vais à la commune pour faire une déclaration de cohabitation légale ?,,"2328,2329,2330"
61,233,Etrangers,Nationalité belge,Je suis majeur. Je suis handicapé . Comment se déroule la procédure de demande de nationalité ?,invalide ou pensionné,18761
272,909,Logement,Location à Bruxelles,Quels sont les types de garantie locative à Bruxelles ?,"Bail de résidence principale (Bruxelles), Garantie locative, Constitution de la garantie locative","868,869,870"
285,1051,Protection sociale,Contester une décision de sécurité sociale,Comment introduire un recours contre la décision d’un organisme de sécurité sociale ?,,4791
523,776,Logement,Insalubrité en Wallonie,Quels sont les critères régionaux d'insalubrité ?,,"12016,12017,12021,12031"
673,290,Famille,Lien parents/enfants,Les parents ne sont pas mariés ensemble. Quelles démarches effectuer pour être reconnu comme le père de mon enfant si la mère a divorcé moins de 300 jours avant la naissance ?,"Lien de filiation, Etablir un lien de filiation, Etablir le lien père/enfant, La mère de l'enfant a divorcé moins de 300 jours avant la naissance","931,932,933,1096,1097,1098,1099,1100,1101,1102,1103"
12,656,Justice,Infractions,Qu’est-ce que la transaction pénale ?,"Procédure pénale, Mesures alternatives : transaction pénale et médiation pénale",13520
182,821,Logement,Location en Wallonie,Comment et à quelle fréquence s'organisent les visites de domicile en Wallonie ?,"Kot (Wallonie), Visite du logement",6593
375,325,Famille,Obligations alimentaires,"Je suis parent. Les frais extraordinaires, qu'est-ce que c'est ?",Les contributions alimentaires (pour les enfants),"1056,5516"
548,696,Justice,L'avocat,Ai-je droit à l'aide juridique (ex pro deo) si je suis étranger ?,"Aide juridique (ex pro deo), Conditions de l'aide juridique (ex pro deo), Situations liées à une catégorie sociale","4478,4479,4480,4481,4482,4483,4484,4485,4486,4487,4488,4489,4490,4491,4492,4493,4494,4495,4496,4497,4498,4499,4500,4501,4502,4503,4504,4505,4506,4507,4508,4509,4510"
223,911,Logement,Location à Bruxelles,Mon propriétaire peut-il réévaluer le montant de la garantie locative en cours de bail à Bruxelles ?,"Bail de résidence principale (Bruxelles), Garantie locative, Fonctionnement de la garantie locative","868,869,870"
744,401,Famille,Régler un conflit familial,Que faire si nous sommes d’accord sur certains points mais pas sur tout ?,"Trouver une solution amiable, La médiation familiale","6061,6064"
666,1064,Protection sociale,Les conséquences de la colocation sur les allocations sociales,L'allocation pour l'aide aux personnes âgées (APA) diminue-t-elle si je vis avec d'autres personnes ?,,"9969,9999,9971,7250,7251,7252,7253,7254,7255,7256,7257,7258,7259,7260,7261,7262,7263,7264,7265,7266,7267,7268"
382,55,Argent,Dettes,Qu'est-ce qu'un crédit à la consommation ?,Dettes liées à un crédit à la consommation,"13930,14414,14415,14416"
394,104,Argent,Dettes,Qui le juge peut-il désigner comme médiateur de dettes ?,"Solutions pour lutter contre l'endettement, Règlement collectif de dettes (RCD), Analyse de la demande, Désignation du médiateur de dettes judiciaire",5987
774,295,Famille,Lien parents/enfants,Le nom de mon enfant est mal orthographié dans son acte de naissance. Puis-je faire corriger cette erreur ?,"Transmission du nom à l'enfant, Erreur ou changement de nom/prénom","921,922"
542,161,Argent,Succession et donation,Le père de mes enfants vient de décéder et ils sont mineurs. Que dois-je faire ?,"Démarches après décès, Formalités après décès","1283,1326,1694,1768,1769,1770,1771,1772,1773,1774,1775,1776,1777,1778,1779,1780"
176,62,Argent,Dettes,Après combien de temps ma dette envers mon ami est-elle prescrite ?,Dettes liées à un prêt entre particuliers,"2825,2844"
596,218,Etrangers,Nationalité belge,Je suis majeur. Je séjourne en Belgique depuis au moins 5 ans. Puis-je introduire un recours en cas d'avis négatif concernant ma demande de nationalité ?,,18761
432,887,Logement,Location à Bruxelles,Mon propriétaire n’a pas enregistré le bail. Puis-je mettre fin au bail sans préavis ni indemnité à Bruxelles ?,"Bail de résidence principale (Bruxelles), Fin et rupture, Fin du bail de courte durée (3 ans ou moins), Par le locataire",856
163,609,Justice,Au tribunal,J'introduis une demande en justice. Qu'est ce que je risque si je ne respecte pas la décision ?,La décision de justice,"5715,5716,5717"
248,251,Famille,Lien parents/enfants,Qui exerce l'autorité parentale si un des parents est seul pour prendre les décisions ?,Autorité parentale,1280
839,670,Justice,Infractions,J'ai commis une infraction. Suis-je obligé de me dénoncer ou de reconnaître ma culpabilité à la police ?,"Procédure pénale, Procédure au poste de police",13266
783,1052,Protection sociale,Grossesse et naissance,A-t-on droit à l'allocation de naissance en cas de fausse couche ou de bébé mort-né ?,"Allocations familiales et allocation de naissance, Allocation de naissance, Allocation de naissance enfant né avant le 1er janvier 2020","947,948"
74,689,Justice,L'avocat,Quels sont les revenus pris en compte pour l'aide juridique si je vis seul ?,"Aide juridique (ex pro deo), Conditions de l'aide juridique (ex pro deo), Situations liées aux revenus","4478,4479,4480,4481,4482,4483,4484,4485,4486,4487,4488,4489,4490,4491,4492,4493,4494,4495,4496,4497,4498,4499,4500,4501,4502,4503,4504,4505,4506,4507,4508,4509,4510,4748,4749,4750,4751,4752,4753,4754,4755,4756,4757,4758,4759,4760,4761,4762,4763,4764,4765,4766,4767,4768,4769,4770,4771"
113,458,Famille,Situation de couples,Je suis marié(e). Puis-je vendre les meubles de la maison sans l’accord de mon conjoint ?,Mariage,1071
499,895,Logement,Location à Bruxelles,Comment mettre fin au bail de commun accord à Bruxelles ?,"Bail de résidence principale (Bruxelles), Fin et rupture, Fin du bail à vie",2023
487,734,Logement,Bail de résidence principale (Wallonie),Que faire si je n'obtiens pas la prorogation pour circonstances exceptionnelles en Wallonie ?,"Fin et rupture du bail, Prorogation pour circonstances exceptionnelles",2134
